Id,Name,Created at,Updated at,Url,Logo,Id [Event],Name [Event],Location [Event]
1,Code42,"April 17, 2014 18:20","April 18, 2014 17:22",http://www.code42.com/,http://s3.amazonaws.com/clojurebridge/original/1/Code42_Logo_Horizontal_Color.png?1397841776,3,ClojureBridge Workshop for Women,"Minneapolis, MN"
2,BrickAlloy,"April 17, 2014 18:20","April 18, 2014 17:22",http://brickalloy.com/,http://s3.amazonaws.com/clojurebridge/original/2/brickalloy.png?1397841764,3,ClojureBridge Workshop for Women,"Minneapolis, MN"
3,DevJam Studios,"April 17, 2014 18:21","April 18, 2014 17:31",http://devjamstudios.com/,http://s3.amazonaws.com/clojurebridge/original/3/DevJam-Studios.png?1397841749,3,ClojureBridge Workshop for Women,"Minneapolis, MN"
4,The Climate Corporation,"April 17, 2014 18:24","April 17, 2014 18:25", - ,/logos/original/missing.png,1,ClojureBridge Workshop for Women,San Francisco
5,WalmartLabs,"April 17, 2014 18:24","September 23, 2014 00:10", - ,http://s3.amazonaws.com/clojurebridge/original/5/walmartlabs-logo.jpg?1411430808,7,ClojureBridge Workshop for Women,San Francisco
6,LispCast,"April 17, 2014 18:24","August 17, 2015 19:32",http://www.purelyfunctional.tv/,http://s3.amazonaws.com/clojurebridge/original/6/LispCast.png?1411430851,21,ClojureBridge Auckland,"Auckland, NZ"
7,Brick Alloy,"April 17, 2014 18:24","September 23, 2014 00:10",http://brickalloy.com/,http://s3.amazonaws.com/clojurebridge/original/7/brickalloy_logo.png?1410056188,7,ClojureBridge Workshop for Women,San Francisco
8,Zillow,"April 17, 2014 18:24","April 17, 2014 18:25", - ,/logos/original/missing.png,1,ClojureBridge Workshop for Women,San Francisco
9,Outpace,"April 17, 2014 18:24","April 17, 2014 18:25", - ,/logos/original/missing.png,1,ClojureBridge Workshop for Women,San Francisco
10,ThoughtWorks,"August 04, 2014 14:19","April 15, 2015 18:59",http://www.thoughtworks.com,http://s3.amazonaws.com/clojurebridge/original/10/tw-logo.png?1411430791,12,London ClojureBridge Workshop,London
11,GitHub,"September 05, 2014 14:49","September 05, 2014 14:50",https://github.com/,/logos/original/missing.png,6,ClojureBridge Edinburgh,Edinburgh
12,ScotlandIS,"September 05, 2014 14:49","September 05, 2014 14:50", - ,/logos/original/missing.png,6,ClojureBridge Edinburgh,Edinburgh
13,Factual,"September 10, 2014 16:32","September 23, 2014 00:10",http://www.factual.com/,http://s3.amazonaws.com/clojurebridge/original/13/factual-high-res.png?1411430774,7,ClojureBridge Workshop for Women,San Francisco
14,#cljsyd,"November 07, 2014 14:14","November 07, 2014 14:15",http://www.meetup.com/clj-syd/,/logos/original/missing.png,8,ClojureBridge Sydney,Sydney
15,Rackspace,"January 15, 2015 01:58","January 15, 2015 02:12",http://www.rackspace.com/,http://s3.amazonaws.com/clojurebridge/original/15/130x33_red.png?1421287963,9,ClojureBridge Workshop for Women in Software,Austin
16,DRW Trading,"January 15, 2015 02:00","January 15, 2015 02:05",http://drw.com/,http://s3.amazonaws.com/clojurebridge/original/16/DRW_Logo_Hi_Res.png?1421287251,9,ClojureBridge Workshop for Women in Software,Austin
17,O'Reilly,"January 15, 2015 02:05","August 24, 2015 02:31",http://www.oreilly.com/,http://s3.amazonaws.com/clojurebridge/original/17/ORM_logo_box75_hex.jpg?1421287502,24,ClojureBridge MN - Fall 2015,Minneapolis
18,The Pragmatic Bookshelf,"January 24, 2015 20:20","January 24, 2015 20:20",https://pragprog.com/,http://s3.amazonaws.com/clojurebridge/original/18/Bookshelf_4in.png?1422130855,9,ClojureBridge Workshop for Women in Software,Austin
19,ThreatGRID,"January 24, 2015 20:21","January 25, 2015 03:37",http://www.threatgrid.com/,http://s3.amazonaws.com/clojurebridge/original/19/threatgrid.png?1422157052,9,ClojureBridge Workshop for Women in Software,Austin
20,Thrivent Financial,"February 14, 2015 14:10","February 14, 2015 14:12",https://www.thrivent.com/,http://s3.amazonaws.com/clojurebridge/original/20/Thrivent.png?1423923050,10,ClojureBridge Workshop,Minneapolis
21,University of Minnesota Software Engineering Center,"February 14, 2015 14:11","February 14, 2015 16:45",http://www.umsec.umn.edu/,http://s3.amazonaws.com/clojurebridge/original/21/umseclogo.jpg?1423923397,10,ClojureBridge Workshop,Minneapolis
22,itemis,"February 18, 2015 13:29","February 20, 2015 02:04",http://www.itemis.com,http://s3.amazonaws.com/clojurebridge/original/22/itemis_logo.png?1424397852,11,Solingen ClojureBridge Workshop,"Solingen, Germany"
24,innoQ,"February 18, 2015 13:30","February 20, 2015 02:03",https://www.innoq.com/en/,http://s3.amazonaws.com/clojurebridge/original/24/innoq_logo.png?1424397831,11,Solingen ClojureBridge Workshop,"Solingen, Germany"
25,codecentric,"February 18, 2015 13:31","February 20, 2015 02:03",https://www.codecentric.de/,http://s3.amazonaws.com/clojurebridge/original/25/codecentric_logo.jpg?1424397800,11,Solingen ClojureBridge Workshop,"Solingen, Germany"
26,bevuta,"February 18, 2015 13:39","February 20, 2015 02:02",http://www.bevuta.com/en/,http://s3.amazonaws.com/clojurebridge/original/26/bevuta_logo.png?1424397776,11,Solingen ClojureBridge Workshop,"Solingen, Germany"
27,doctronic,"February 18, 2015 13:40","February 20, 2015 02:02",http://doctronic.de/,http://s3.amazonaws.com/clojurebridge/original/27/doctronic_logo.png?1424397765,11,Solingen ClojureBridge Workshop,"Solingen, Germany"
28,Adobe,"February 24, 2015 03:03","February 24, 2015 03:04",http://www.adobe.com/,http://s3.amazonaws.com/clojurebridge/original/28/standard_adobe_logo_-_2-color_red_and_black.png?1424746980,10,ClojureBridge Workshop,Minneapolis
29,Interactive Web Systems,"March 13, 2015 20:34","March 13, 2015 20:34",http://iwsaustin.com,http://s3.amazonaws.com/clojurebridge/original/29/image2.PNG?1426278848,9,ClojureBridge Workshop for Women in Software,Austin
30,uSwitch,"March 16, 2015 22:40","March 16, 2015 22:41",http://www.uswitch.com/,http://s3.amazonaws.com/clojurebridge/original/30/logo-uswitch-b97b8399.png?1426545637,12,London ClojureBridge Workshop,London
31,Simple,"March 19, 2015 20:40","March 19, 2015 20:41",https://www.simple.com/,http://s3.amazonaws.com/clojurebridge/original/31/simple-logo.png?1426797606,13,ClojureBridge Portland Workshop,"Portland, OR"
32,Puppet Labs,"March 19, 2015 20:46","March 19, 2015 20:46",https://puppetlabs.com/,http://s3.amazonaws.com/clojurebridge/original/32/PL_logo_horizontal_RGB_lg.jpg?1426797992,13,ClojureBridge Portland Workshop,"Portland, OR"
33,buyapowa,"March 24, 2015 21:27","March 24, 2015 21:27",http://www.buyapowa.com/,http://s3.amazonaws.com/clojurebridge/original/33/buyapowa.png?1427232418,12,London ClojureBridge Workshop,London
34,yeller,"March 30, 2015 19:02","March 30, 2015 19:02", - ,/logos/original/missing.png,12,London ClojureBridge Workshop,London
35,dpunkt.verlag,"April 09, 2015 13:14","April 09, 2015 13:15",http://www.dpunkt.de/,http://s3.amazonaws.com/clojurebridge/original/35/dpunkt.jpg?1428585292,11,Solingen ClojureBridge Workshop,"Solingen, Germany"
36,"8th Light, Ltd.","April 13, 2015 00:15","April 13, 2015 13:58",http://www.8thlight.com/,http://s3.amazonaws.com/clojurebridge/original/36/8thlight.png?1428933499,12,London ClojureBridge Workshop,London
37,Metosin,"April 13, 2015 00:16","April 13, 2015 13:57",http://www.metosin.fi/,http://s3.amazonaws.com/clojurebridge/original/37/metosin.png?1428933456,12,London ClojureBridge Workshop,London
38,Jayway,"April 27, 2015 14:58","August 24, 2015 02:18",http://www.jayway.com/,http://s3.amazonaws.com/clojurebridge/original/38/jayway_logo.png?1430146682,22,ClojureBridge Malmö,"Malmö, Sweden"
39,6Wunderkinder,"May 01, 2015 15:21","May 01, 2015 15:21",https://www.wunderlist.com/,http://s3.amazonaws.com/clojurebridge/original/39/6Wunderkinder-Logo.png?1430493669,15,ClojureBridge Workshop for Women,Berlin
40,Metosin Ltd.,"May 01, 2015 20:29","May 01, 2015 20:41",http://metosin.fi,http://s3.amazonaws.com/clojurebridge/original/40/metosin.png?1430512865,16,ClojureBridge Workshop for Women,"Helsinki, Finland"
41,Solita,"May 13, 2015 13:24","May 13, 2015 13:24",http://www.solita.fi/,http://s3.amazonaws.com/clojurebridge/original/41/solita_logo.png?1431523486,16,ClojureBridge Workshop for Women,"Helsinki, Finland"
42,GitHub,"May 13, 2015 13:27","August 03, 2015 14:56",http://github.com,http://s3.amazonaws.com/clojurebridge/original/42/GitHub.png?1431523668,21,ClojureBridge Auckland,"Auckland, NZ"
43,Dawanda,"May 13, 2015 13:28","May 13, 2015 13:28",http://de.dawanda.com/,http://s3.amazonaws.com/clojurebridge/original/43/Dawanda.png?1431523687,15,ClojureBridge Workshop for Women,Berlin
44,TicketSolve,"May 13, 2015 13:28","May 13, 2015 13:28",http://www.ticketsolve.com/,http://s3.amazonaws.com/clojurebridge/original/44/TicketSolve.png?1431523704,15,ClojureBridge Workshop for Women,Berlin
45,Babbel,"June 08, 2015 14:52","June 08, 2015 14:53",http://www.babbel.com/,http://s3.amazonaws.com/clojurebridge/original/45/babbel-logo.jpg?1433775162,15,ClojureBridge Workshop for Women,Berlin
46,innoQ,"June 08, 2015 14:53","June 08, 2015 14:53",https://www.innoq.com/en/,http://s3.amazonaws.com/clojurebridge/original/46/innoq-logo.png?1433775192,15,ClojureBridge Workshop for Women,Berlin
47,SoundCloud,"June 08, 2015 14:53","June 08, 2015 14:53",https://soundcloud.com/,http://s3.amazonaws.com/clojurebridge/original/47/soundcloud-logo.png?1433775225,15,ClojureBridge Workshop for Women,Berlin
48,Bridge Foundry,"June 21, 2015 15:03","June 21, 2015 15:05",http://bridgefoundry.org/,http://s3.amazonaws.com/clojurebridge/original/48/clojurebridge.png?1434899032,18,ClojureBridge MN - Summer 2015,Minneapolis
49,Clockwork Active Media Systems,"June 21, 2015 15:05","June 21, 2015 15:05",http://www.clockwork.net/,http://s3.amazonaws.com/clojurebridge/original/49/clockwork.png?1434899100,18,ClojureBridge MN - Summer 2015,Minneapolis
50,Detroit Labs,"July 11, 2015 14:43","July 11, 2015 14:43",http://www.detroitlabs.com/,/logos/original/missing.png,19,ClojureBridge Detroit,Detroit
51,Cognitect,"July 25, 2015 01:03","July 25, 2015 01:06",http://cognitect.com,http://s3.amazonaws.com/clojurebridge/original/51/cog-logo.png?1437786373,20,ClojureBridge Durham,"Durham, NC"
52,Adzerk,"August 07, 2015 17:58","August 07, 2015 18:00",http://www.adzerk.com/,http://s3.amazonaws.com/clojurebridge/original/52/adzerk.png?1438970447,20,ClojureBridge Durham,"Durham, NC"
53,LispCast,"August 17, 2015 19:59","August 31, 2015 16:08",http://www.purelyfunctional.tv/,http://s3.amazonaws.com/clojurebridge/original/53/LispCast.png?1439841575,22,ClojureBridge Malmö,"Malmö, Sweden"
54,Movio,"August 17, 2015 20:01","August 17, 2015 20:01",http://movio.co/,http://s3.amazonaws.com/clojurebridge/original/54/movio.png?1439841695,21,ClojureBridge Auckland,"Auckland, NZ"
55,Main Street Winchester,"August 24, 2015 02:26","August 31, 2015 16:14", - ,http://s3.amazonaws.com/clojurebridge/original/55/main_street_winchester.png?1441037652,23,ClojureBridge Kentucky,Kentucky
56,Leeds Center for the Arts,"August 24, 2015 02:26","August 31, 2015 16:13",http://leedscenter.org,http://s3.amazonaws.com/clojurebridge/original/56/leeds.png?1441037619,23,ClojureBridge Kentucky,Kentucky
57,Vidku,"August 24, 2015 02:31","August 24, 2015 02:46",http://vidku.com/,http://s3.amazonaws.com/clojurebridge/original/57/df309f18-473c-11e5-8ba9-0c543da31da7.png?1440384363,24,ClojureBridge MN - Fall 2015,Minneapolis
58,O'Reilly Media,"August 24, 2015 13:05","August 24, 2015 13:05",http://www.oreilly.com/,http://s3.amazonaws.com/clojurebridge/original/58/oreilly.jpg?1440421506,22,ClojureBridge Malmö,"Malmö, Sweden"
59,LispCast,"September 03, 2015 13:02","September 03, 2015 13:02",http://www.lispcast.com/,http://s3.amazonaws.com/clojurebridge/original/59/LispCast.png?1441285364,20,ClojureBridge Durham,"Durham, NC"
60,SMX Email,"September 04, 2015 00:49","September 04, 2015 00:50",https://smxemail.com/,http://s3.amazonaws.com/clojurebridge/original/60/smx.png?1441327794,21,ClojureBridge Auckland,"Auckland, NZ"
61,Uber,"September 04, 2015 00:50","September 04, 2015 00:50",https://www.uber.com/,http://s3.amazonaws.com/clojurebridge/original/61/uber.png?1441327821,21,ClojureBridge Auckland,"Auckland, NZ"
62,LispCast,"September 09, 2015 16:42","September 09, 2015 16:42",http://www.purelyfunctional.tv/,http://s3.amazonaws.com/clojurebridge/original/62/LispCast.png?1441816954,"","",""
63,LispCast,"September 09, 2015 16:42","September 09, 2015 16:50",http://www.purelyfunctional.tv/,http://s3.amazonaws.com/clojurebridge/original/63/LispCast.png?1441817440,23,ClojureBridge Kentucky,Kentucky
64,CIRRUSMIO,"September 09, 2015 16:43","September 16, 2015 16:06",http://cirrusmio.com/,http://s3.amazonaws.com/clojurebridge/original/64/74ab5e10-5b2f-11e5-8f1e-a66eb85f311c.png?1442419587,23,ClojureBridge Kentucky,Kentucky
65,O'Reilly Media,"September 17, 2015 19:32","September 17, 2015 19:32",http://www.oreilly.com/,http://s3.amazonaws.com/clojurebridge/original/65/oreilly.jpg?1442518370,20,ClojureBridge Durham,"Durham, NC"
66,no starch press,"September 17, 2015 19:34","September 17, 2015 19:34",nostarch.com,http://s3.amazonaws.com/clojurebridge/original/66/nsp_logo_black.png?1442518494,20,ClojureBridge Durham,"Durham, NC"
67,LiveOps,"September 21, 2015 00:37","September 21, 2015 00:38",http://www.liveops.com/,http://s3.amazonaws.com/clojurebridge/original/67/liveops.png?1442795876,21,ClojureBridge Auckland,"Auckland, NZ"
68,Aviso Novate,"September 22, 2015 16:08","September 22, 2015 16:08",http://www.aviso.io/,http://s3.amazonaws.com/clojurebridge/original/68/68747470733a2f2f7062732e7477696d672e636f6d2f70726f66696c655f696d616765732f3531353433383234303436333939383937372f39704d3369444a392e706e67.png?1442938098,25,Dublin ClojureBridge Workshop,"Dublin, Republic of Ireland"
69,CircleCI,"September 22, 2015 16:09","September 22, 2015 16:09",https://circleci.com/,http://s3.amazonaws.com/clojurebridge/original/69/687474703a2f2f626c6f672e636972636c6563692e636f6d2f77702d636f6e74656e742f75706c6f6164732f323031332f31312f6c6f676f2e706e67.png?1442938143,25,Dublin ClojureBridge Workshop,"Dublin, Republic of Ireland"
70,WhatClinic.com,"September 27, 2015 17:12","September 27, 2015 17:12",https://whatclinic.com/,http://s3.amazonaws.com/clojurebridge/original/70/687474703a2f2f7777772e77686174636c696e69632e636f6d2f696d616765732f66616365626f6f6b5f6c6f676f2e706e67.png?1443373963,25,Dublin ClojureBridge Workshop,"Dublin, Republic of Ireland"
71,Vidku,"October 21, 2015 00:57","October 21, 2015 00:59",http://vidku.com/,http://s3.amazonaws.com/clojurebridge/original/71/vidku.png?1445389069,26,ClojureBridge MN - Winter 2015,"Minneapolis, MN"
72,Harbinger Partners,"October 21, 2015 00:58","October 21, 2015 00:59",http://www.harbinger-partners.com/,http://s3.amazonaws.com/clojurebridge/original/72/harbinger.png?1445389108,26,ClojureBridge MN - Winter 2015,"Minneapolis, MN"
73,O'Reilly Media,"October 21, 2015 00:59","October 21, 2015 00:59",http://www.oreilly.com/,http://s3.amazonaws.com/clojurebridge/original/73/oreilly.png?1445389140,26,ClojureBridge MN - Winter 2015,"Minneapolis, MN"
74,PromptWorks,"October 23, 2015 16:52","October 23, 2015 16:52",https://www.promptworks.com/,http://s3.amazonaws.com/clojurebridge/original/74/650401a2-77d5-11e5-932f-4ef5702b1f52.png?1445619120,27,ClojureBridge Philadelphia,"Philadelphia, PA"
75,SunGard,"October 23, 2015 16:52","October 23, 2015 16:52",http://www.sungard.com/,http://s3.amazonaws.com/clojurebridge/original/75/e1da3e9a-77d4-11e5-975b-6d44a3974ab6.jpg?1445619154,27,ClojureBridge Philadelphia,"Philadelphia, PA"
76,RJMetrics,"October 23, 2015 16:53","October 23, 2015 17:03",https://rjmetrics.com,http://s3.amazonaws.com/clojurebridge/original/76/d8d6dad8-77d4-11e5-9f31-c85fd430c750.png?1445619188,27,ClojureBridge Philadelphia,"Philadelphia, PA"
77,Shareablee,"October 25, 2015 03:55","October 25, 2015 03:55",http://www.shareablee.com/,http://s3.amazonaws.com/clojurebridge/original/77/b6ee46c2-7a7c-11e5-9846-2a4ef9fefe8f.png?1445745342,28,ClojureBridge NYC,"New York, NY"
78,Intent Media,"October 25, 2015 03:56","October 25, 2015 03:56",http://intentmedia.com/,http://s3.amazonaws.com/clojurebridge/original/78/b105bce0-7a7c-11e5-82b8-caa72c2cf030.png?1445745385,28,ClojureBridge NYC,"New York, NY"
79,Babbel,"January 14, 2016 19:10","January 15, 2016 18:16",http://www.babbel.com,http://s3.amazonaws.com/clojurebridge/original/79/a940afac-b919-11e5-820f-94fd4283f594.jpg?1452798657,29,ClojureBridge Berlin,Berlin
80,Bitcrowd,"January 14, 2016 19:13","January 15, 2016 18:13",http://bitcrowd.net/,http://s3.amazonaws.com/clojurebridge/original/80/a94056d8-b919-11e5-98ba-0106f3f45c68.png?1452798818,29,ClojureBridge Berlin,Berlin
81,Dawanda,"January 14, 2016 19:30","January 15, 2016 18:14",http://en.dawanda.com/,http://s3.amazonaws.com/clojurebridge/original/81/a940ff16-b919-11e5-9f79-de62b555c3ea.jpg?1452799804,29,ClojureBridge Berlin,Berlin
82,Fy,"January 14, 2016 19:30","January 15, 2016 18:15",https://www.iamfy.co/,http://s3.amazonaws.com/clojurebridge/original/82/a97f0bbc-b919-11e5-82a0-23c853e5aeab.jpg?1452799852,29,ClojureBridge Berlin,Berlin
83,LambdaWerk,"January 14, 2016 19:31","January 15, 2016 18:14",https://lambdawerk.com,http://s3.amazonaws.com/clojurebridge/original/83/a97e866a-b919-11e5-93f8-6970bb5f7c6f.png?1452799900,29,ClojureBridge Berlin,Berlin
84,Metosin,"January 14, 2016 19:32","January 15, 2016 18:16",http://www.metosin.fi/,http://s3.amazonaws.com/clojurebridge/original/84/a9ab7c74-b919-11e5-9644-9ef7a248090d.jpg?1452799935,29,ClojureBridge Berlin,Berlin
85,PureFunctional.tv,"January 14, 2016 19:33","January 15, 2016 18:16",http://www.purelyfunctional.tv/,http://s3.amazonaws.com/clojurebridge/original/85/a95b41a0-b919-11e5-9d8c-8b6fb8c531d8.png?1452800035,29,ClojureBridge Berlin,Berlin
86,Red Pinapple Media,"January 14, 2016 19:34","January 15, 2016 18:15",http://www.redpineapplemedia.com/,http://s3.amazonaws.com/clojurebridge/original/86/a95f0f9c-b919-11e5-86fe-66f304fc6941.png?1452800077,29,ClojureBridge Berlin,Berlin
87,Soundcloud,"January 14, 2016 19:35","January 15, 2016 18:12",https://soundcloud.com/,http://s3.amazonaws.com/clojurebridge/original/87/a9621070-b919-11e5-8097-f99b3d9aebc1.jpg?1452800112,29,ClojureBridge Berlin,Berlin
88,Ticketsolve,"January 14, 2016 19:35","January 15, 2016 18:13",http://www.ticketsolve.com/,http://s3.amazonaws.com/clojurebridge/original/88/a97439c6-b919-11e5-9726-2e50fceb1ffe.png?1452800144,29,ClojureBridge Berlin,Berlin
89,Wunderlist,"January 14, 2016 19:36","January 14, 2016 19:36",https://www.wunderlist.com/,http://s3.amazonaws.com/clojurebridge/original/89/a97db28a-b919-11e5-929d-ecc7394a0eeb.jpg?1452800206,29,ClojureBridge Berlin,Berlin
90,Travis Foundation,"January 14, 2016 19:38","January 18, 2016 14:30",http://foundation.travis-ci.org/,http://s3.amazonaws.com/clojurebridge/original/90/a9775dea-b919-11e5-9fed-a0201a3beaf3.jpg?1452800321,29,ClojureBridge Berlin,Berlin
91,Zalando,"January 18, 2016 14:31","January 18, 2016 14:31",http://www.zalando.de/,http://s3.amazonaws.com/clojurebridge/original/91/417917d0-bddb-11e5-889c-6c4cbbc2c91d.png?1453127495,29,ClojureBridge Berlin,Berlin
92,Compare the Market,"January 21, 2016 15:50","January 21, 2016 15:50",http://www.comparethemarket.com/,http://s3.amazonaws.com/clojurebridge/original/92/b83adaa2-c024-11e5-8e6b-aa724bc8035d.png?1453391426,30,ClojureBridge London,London
93,Heroku,"January 21, 2016 15:51","January 21, 2016 15:51",https://www.heroku.com/,http://s3.amazonaws.com/clojurebridge/original/93/b84649fa-c024-11e5-8ec0-74a6f002d59f.png?1453391489,30,ClojureBridge London,London
94,USwitch,"January 21, 2016 15:52","February 11, 2016 01:52",http://www.uswitch.com/,http://s3.amazonaws.com/clojurebridge/original/94/7be7a4ec-cfe5-11e5-9e0a-ab2c86906e27.png?1455155553,30,ClojureBridge London,London
95,PurelyFunctional.tv,"February 11, 2016 01:53","February 11, 2016 01:53",http://www.purelyfunctional.tv/,http://s3.amazonaws.com/clojurebridge/original/95/a95b41a0-b919-11e5-9d8c-8b6fb8c531d8.png?1455155627,30,ClojureBridge London,London
96,Akamai,"February 11, 2016 02:03","February 11, 2016 02:03",https://www.akamai.com/,http://s3.amazonaws.com/clojurebridge/original/96/f01c0788-cf70-11e5-85c6-2f72e5857a79.png?1455156213,31,ClojureBridge Boston - Programming Workshop for Women,Boston
97,Curriculum Associates,"February 11, 2016 02:04","February 11, 2016 02:04",http://www.curriculumassociates.com/,http://s3.amazonaws.com/clojurebridge/original/97/1c18fdd2-cf71-11e5-8fcc-be605b5c181b.png?1455156255,31,ClojureBridge Boston - Programming Workshop for Women,Boston
98,Gofore Oy ,"February 19, 2016 03:03","February 19, 2016 03:03",https://gofore.com/,http://s3.amazonaws.com/clojurebridge/original/98/gofore_logo_black_rgb.png?1455850989,32,ClojureBridge Helsinki,"Helsinki, Finland"
99,Metosin Oy,"February 19, 2016 03:03","February 19, 2016 03:15",http://www.metosin.fi/,http://s3.amazonaws.com/clojurebridge/original/99/musta_vaaka_(1).png?1455851724,32,ClojureBridge Helsinki,"Helsinki, Finland"
100,Solita Oy,"February 19, 2016 03:06","February 19, 2016 03:06",http://www.solita.fi/,http://s3.amazonaws.com/clojurebridge/original/100/solita_logo.png?1455851178,32,ClojureBridge Helsinki,"Helsinki, Finland"
101,Bitodi Oy,"February 19, 2016 03:07","February 19, 2016 03:07",https://www.bitodi.fi/,http://s3.amazonaws.com/clojurebridge/original/101/bitodi_logo.png?1455851224,32,ClojureBridge Helsinki,"Helsinki, Finland"
102,Ada Developers Academy,"February 23, 2016 04:07","February 23, 2016 04:07",http://adadevelopersacademy.org/,http://s3.amazonaws.com/clojurebridge/original/102/brand-logo-square.png?1456200470,33, ClojureBridge Seattle,Seattle
103,"Cognitect, Inc.","February 23, 2016 04:10","February 23, 2016 04:10",http://cognitect.com/,http://s3.amazonaws.com/clojurebridge/original/103/cog-logo.png?1456200658,33, ClojureBridge Seattle,Seattle
104,TASER,"March 02, 2016 00:41","March 02, 2016 00:41",https://www.taser.com/,http://s3.amazonaws.com/clojurebridge/original/104/TASER_Logo-2_400x400.jpg?1456879260,33, ClojureBridge Seattle,Seattle
105,WalmartLabs,"April 07, 2016 20:03","April 07, 2016 20:03",http://www.walmartlabs.com/,http://s3.amazonaws.com/clojurebridge/original/105/walmart-labs-logo.png?1460059424,33, ClojureBridge Seattle,Seattle
106,GitLab,"April 08, 2016 03:16","April 08, 2016 03:16",https://about.gitlab.com/,http://s3.amazonaws.com/clojurebridge/original/106/gitlab.png?1460085361,33, ClojureBridge Seattle,Seattle
107,Metosin Oy,"May 05, 2016 04:38","May 05, 2016 04:38",http://www.metosin.fi/,http://s3.amazonaws.com/clojurebridge/original/107/metosin.png?1462423126,34,"ClojureBridge Tampere, Finland","Tampere, Finland"
108,Suomen Yliopistokiinteistöt Oy,"May 05, 2016 04:39","May 05, 2016 04:39",http://sykoy.fi/etusivu/,http://s3.amazonaws.com/clojurebridge/original/108/syk.jpg?1462423160,34,"ClojureBridge Tampere, Finland","Tampere, Finland"
109,Solita Oy,"May 05, 2016 04:51","May 06, 2016 16:06",http://www.solita.fi/,http://s3.amazonaws.com/clojurebridge/original/109/solita_logo_dark.png?1462550783,34,"ClojureBridge Tampere, Finland","Tampere, Finland"
110,Gofore Oy,"May 06, 2016 16:07","May 06, 2016 16:07",http://www.gofore.com/,http://s3.amazonaws.com/clojurebridge/original/110/gofore-logo.png?1462550860,34,"ClojureBridge Tampere, Finland","Tampere, Finland"
111,Solita,"May 13, 2016 17:26","May 13, 2016 17:26",http://www.solita.fi/,http://s3.amazonaws.com/clojurebridge/original/111/solita_logo_dark.png?1463160379,36,"ClojureBridge Oulu, Finland","Oulu, Finland"
112,Pivotal,"June 28, 2016 15:01","June 28, 2016 15:01",https://pivotal.io/,http://s3.amazonaws.com/clojurebridge/original/112/be6d5cb8-3d1c-11e6-9063-dac1894cb4b1.png?1467126105,37,ClojureBridge NYC July 2016,"New York, NY"
113,Originate,"June 28, 2016 15:02","June 28, 2016 15:02",http://www.originate.com/,http://s3.amazonaws.com/clojurebridge/original/113/c464052c-3d1c-11e6-9781-86caf778660a.png?1467126159,37,ClojureBridge NYC July 2016,"New York, NY"
114,Lambda Island,"July 08, 2016 19:13","July 08, 2016 19:13",https://lambdaisland.com/,http://s3.amazonaws.com/clojurebridge/original/114/4474c10a-4486-11e6-9858-c9949d31736c.png?1468005180,37,ClojureBridge NYC July 2016,"New York, NY"
115,Shareablee,"July 09, 2016 18:43","July 09, 2016 18:48",https://www.shareablee.com/,http://s3.amazonaws.com/clojurebridge/original/115/1b85277a-45cc-11e6-8c54-d89134e0db8b.jpg?1468089832,37,ClojureBridge NYC July 2016,"New York, NY"
116,PurelyFunctional.tv,"July 10, 2016 17:09","July 10, 2016 17:09",https://purelyfunctional.tv/,http://s3.amazonaws.com/clojurebridge/original/116/229075d8-468a-11e6-91c0-1851e2813826.png?1468170583,37,ClojureBridge NYC July 2016,"New York, NY"
117,Truefit,"July 11, 2016 13:41","July 11, 2016 13:41",http://www.truefit.io/,http://s3.amazonaws.com/clojurebridge/original/117/5ffe6644-46b9-11e6-9d49-fce373ff4b55.png?1468244470,38,ClojureBridge Pittsburgh September 2016,"Pittsburgh, PA"
118,Startup Weekend Pittsburgh,"July 11, 2016 13:42","July 11, 2016 13:42",http://www.up.co/communities/usa/pittsburgh/,http://s3.amazonaws.com/clojurebridge/original/118/620ea07a-46b9-11e6-8336-81c47205fd66.jpg?1468244523,38,ClojureBridge Pittsburgh September 2016,"Pittsburgh, PA"
119,Stitchfix,"July 11, 2016 13:42","July 11, 2016 13:42",https://www.stitchfix.com/,http://s3.amazonaws.com/clojurebridge/original/119/682ff77e-46b9-11e6-838e-70cbf685ec7b.png?1468244560,38,ClojureBridge Pittsburgh September 2016,"Pittsburgh, PA"
120,PurelyFunctional.tv,"July 19, 2016 19:25","July 19, 2016 19:25",https://purelyfunctional.tv/,http://s3.amazonaws.com/clojurebridge/original/120/4976516c-4d9d-11e6-8874-2272a52607e8.png?1468956347,38,ClojureBridge Pittsburgh September 2016,"Pittsburgh, PA"
121,Thoughtworks ,"August 29, 2016 18:39","August 29, 2016 18:39",https://www.thoughtworks.com/,http://s3.amazonaws.com/clojurebridge/original/121/thoughtworks-logo.png?1472495962,39,ClojureBridge London,London
154,MIT CCES,"September 01, 2016 23:32","September 01, 2016 23:32",http://cces-kacst-mit.org/,http://s3.amazonaws.com/clojurebridge/original/154/687474703a2f2f636365732d6b616373742d6d69742e6f72672f73697465732f64656661756c742f66696c65732f63636573325f302e706e67.png?1472772771,72,ClojureBridge Boston - Programming Workshop,Boston
155,Crimson Hexagon,"September 21, 2016 13:11","September 21, 2016 13:11",http://www.crimsonhexagon.com,http://s3.amazonaws.com/clojurebridge/original/155/687474703a2f2f7777772e6372696d736f6e68657861676f6e2e636f6d2f636f6e74656e742f7468656d65732f63682f696d616765732f4372696d736f6e2d48657861676f6e2d4c6f676f2e6a7067.jpeg?1474463489,72,ClojureBridge Boston - Programming Workshop,Boston
156,"Sonian, Inc.","September 28, 2016 13:10","September 28, 2016 13:10",http://www.sonian.com/,http://s3.amazonaws.com/clojurebridge/original/156/47c1d442-854f-11e6-87a4-ad8a5545661f.png?1475068249,72,ClojureBridge Boston - Programming Workshop,Boston
157,Object Partners,"September 29, 2016 13:17","September 29, 2016 13:17",https://objectpartners.com/,http://s3.amazonaws.com/clojurebridge/original/157/MRiPrI0x_400x400.png?1475155022,73,ClojureBridgeMN - Fall 2016,"Minneapolis, MN"
158,PurelyFunctional.tv,"September 29, 2016 13:18","September 29, 2016 13:30",https://purelyfunctional.tv/,http://s3.amazonaws.com/clojurebridge/original/158/pftv-logo.png?1475155809,73,ClojureBridgeMN - Fall 2016,"Minneapolis, MN"
159,World Singles,"September 29, 2016 13:20","September 29, 2016 13:32",http://worldsingles.com/,http://s3.amazonaws.com/clojurebridge/original/159/mobile-logo-367.png?1475155941,73,ClojureBridgeMN - Fall 2016,"Minneapolis, MN"
160,Alex Miller,"September 29, 2016 13:23","September 29, 2016 13:23",http://tech.puredanger.com/,http://s3.amazonaws.com/clojurebridge/original/160/puredanger.jpg?1475155388,73,ClojureBridgeMN - Fall 2016,"Minneapolis, MN"
161,Lambda Island,"September 29, 2016 13:25","September 29, 2016 13:25",https://lambdaisland.com/,http://s3.amazonaws.com/clojurebridge/original/161/lambdaisland.png?1475155529,73,ClojureBridgeMN - Fall 2016,"Minneapolis, MN"
162,The Iron Yard,"October 03, 2016 21:41","October 03, 2016 21:41",theironyard.com,http://s3.amazonaws.com/clojurebridge/original/162/89292dc2-896e-11e6-9e1d-e384072809d4.png?1475530874,74,ClojureBridge Workshop for Women in Software,Austin
163,RubyGeek LLC,"October 03, 2016 21:42","October 03, 2016 21:42", - ,http://s3.amazonaws.com/clojurebridge/original/163/6490615a-896f-11e6-8cef-7c9920b0af16.png?1475530956,74,ClojureBridge Workshop for Women in Software,Austin
164,PurelyFunctionalTv,"October 03, 2016 21:44","October 03, 2016 21:44",https://purelyfunctional.tv/,http://s3.amazonaws.com/clojurebridge/original/164/4976516c-4d9d-11e6-8874-2272a52607e8.png?1475531044,74,ClojureBridge Workshop for Women in Software,Austin
165,The Pragmatic Bookshelf,"October 03, 2016 21:47","October 03, 2016 21:47",https://pragprog.com/,http://s3.amazonaws.com/clojurebridge/original/165/pragmatic_Bookshelf_4in.png?1475531272,74,ClojureBridge Workshop for Women in Software,Austin
166,CircleCI,"October 04, 2016 13:35","October 04, 2016 13:35",http://circleci.com/,http://s3.amazonaws.com/clojurebridge/original/166/circleci.png?1475588130,75,ClojureBridge San Francisco - Programming Workshop,San Francisco
167,Lambda Island,"October 17, 2016 13:39","October 17, 2016 13:39",https://lambdaisland.com/,http://s3.amazonaws.com/clojurebridge/original/167/lambdaisland.png?1476711554,74,ClojureBridge Workshop for Women in Software,Austin
168,"Cognitect, Inc.","October 19, 2016 17:14","October 19, 2016 17:14",http://cognitect.com/,http://s3.amazonaws.com/clojurebridge/original/168/cognitect.jpg?1476897257,73,ClojureBridgeMN - Fall 2016,"Minneapolis, MN"
169,GitLab,"October 19, 2016 17:15","October 19, 2016 17:15",https://gitlab.com/,http://s3.amazonaws.com/clojurebridge/original/169/gitlab_(1).png?1476897306,73,ClojureBridgeMN - Fall 2016,"Minneapolis, MN"
170,Style.com,"October 24, 2016 21:23","October 24, 2016 21:23",https://www.style.com/,http://s3.amazonaws.com/clojurebridge/original/170/style-logo--blue.png?1477344232,76,ClojureBridge London - November 2016,London
171,Bitcrowd,"October 28, 2016 15:05","October 28, 2016 15:05",http://bitcrowd.net/,http://s3.amazonaws.com/clojurebridge/original/171/43cf729c-9cf4-11e6-891d-c057979d35e9.png?1477667114,77,ClojureBridge Berlin #4,Berlin
172,InnoQ,"October 28, 2016 15:06","October 28, 2016 15:06",https://www.innoq.com/,http://s3.amazonaws.com/clojurebridge/original/172/494ed1fe-9cf4-11e6-8921-675cd12a90bd.png?1477667162,77,ClojureBridge Berlin #4,Berlin
173,SoundCloud Women in Engineering,"October 28, 2016 15:06","October 28, 2016 15:06",http://soundcloud.com/,http://s3.amazonaws.com/clojurebridge/original/173/4f4cd59c-9cf4-11e6-97f4-a0398c92e3c4.jpg?1477667206,"","",""
174,SoundCloud Women in Engineering,"October 28, 2016 15:07","October 28, 2016 15:07",http://soundcloud.com/,http://s3.amazonaws.com/clojurebridge/original/174/4f4cd59c-9cf4-11e6-97f4-a0398c92e3c4.jpg?1477667274,77,ClojureBridge Berlin #4,Berlin
175,Lambda Island,"October 28, 2016 15:08","October 28, 2016 15:08",https://lambdaisland.com/,http://s3.amazonaws.com/clojurebridge/original/175/6357c9ac-9cf4-11e6-931b-ad0bc42a63bd.png?1477667327,77,ClojureBridge Berlin #4,Berlin
176,Doctronic,"October 28, 2016 15:09","October 28, 2016 15:09",http://www.doctronic.de/,http://s3.amazonaws.com/clojurebridge/original/176/52dde8ee-9cf5-11e6-9748-7c94e22d64af.png?1477667364,77,ClojureBridge Berlin #4,Berlin
177,The Pragmatic Bookshelf,"October 28, 2016 15:10","October 28, 2016 15:10",https://pragprog.com/,http://s3.amazonaws.com/clojurebridge/original/177/56d58182-9cf5-11e6-9a3a-5113cefe7ca1.png?1477667413,77,ClojureBridge Berlin #4,Berlin
178,Government Digital Service,"November 21, 2016 14:09","November 24, 2016 00:05",https://www.gov.uk/government/organisations/government-digital-service,http://s3.amazonaws.com/clojurebridge/original/178/Gov.uk_logo.svg.png?1479945923,76,ClojureBridge London - November 2016,London
179,Metosin,"January 10, 2017 15:13","January 10, 2017 15:13",http://www.metosin.fi/,http://s3.amazonaws.com/clojurebridge/original/179/metosin.jpeg?1484061190,79,"ClojureBridge, Helsinki","Helsinki, Finland"
180,Gofore Oy,"January 10, 2017 15:13","January 10, 2017 15:13",https://gofore.com/,http://s3.amazonaws.com/clojurebridge/original/180/gofore-logo_(1).png?1484061229,79,"ClojureBridge, Helsinki","Helsinki, Finland"
181,Nitor Oy,"January 10, 2017 15:14","January 10, 2017 15:14",https://www.nitor.fi/fi,http://s3.amazonaws.com/clojurebridge/original/181/nitor-logo.jpeg?1484061269,79,"ClojureBridge, Helsinki","Helsinki, Finland"
182,Urban Station,"January 11, 2017 17:37","January 11, 2017 17:37",http://enjoyurbanstation.com/,http://s3.amazonaws.com/clojurebridge/original/182/urban_logo.png?1484156231,80,ClojureBridge Buenos Aires,Buenos Aires
183,RadioCut.fm,"January 11, 2017 17:37","January 11, 2017 18:30",http://radiocut.fm/,http://s3.amazonaws.com/clojurebridge/original/183/radiocut.png?1484156265,80,ClojureBridge Buenos Aires,Buenos Aires
184,10pines,"January 11, 2017 17:38","January 11, 2017 18:31",http://www.10pines.com/,http://s3.amazonaws.com/clojurebridge/original/184/10pines.png?1484156301,80,ClojureBridge Buenos Aires,Buenos Aires
185,Interactly,"January 20, 2017 16:00","January 20, 2017 16:00",https://interactly.com/,http://s3.amazonaws.com/clojurebridge/original/185/interactly.png?1484928053,81,ClojureBridge Amsterdam,Amsterdam
186,Elmar Reizen,"January 20, 2017 16:01","January 20, 2017 16:01",https://elmar.nl/,http://s3.amazonaws.com/clojurebridge/original/186/elmar-logo2.png?1484928094,81,ClojureBridge Amsterdam,Amsterdam
